title,link
까오니,https://namu.wiki/w/%EA%B9%8C%EC%98%A4%EB%8B%88
유영(피겨 스케이팅),https://namu.wiki/w/%EC%9C%A0%EC%98%81(%ED%94%BC%EA%B2%A8%20%EC%8A%A4%EC%BC%80%EC%9D%B4%ED%8C%85)
재찬(DONGKIZ),https://namu.wiki/w/%EC%9E%AC%EC%B0%AC(DONGKIZ)
원신/무기/한손검,https://namu.wiki/w/%EC%9B%90%EC%8B%A0/%EB%AC%B4%EA%B8%B0/%ED%95%9C%EC%86%90%EA%B2%80
더 시드/스테이지 공략,https://namu.wiki/w/%EB%8D%94%20%EC%8B%9C%EB%93%9C/%EC%8A%A4%ED%85%8C%EC%9D%B4%EC%A7%80%20%EA%B3%B5%EB%9E%B5
플레겔 리브스,https://namu.wiki/w/%ED%94%8C%EB%A0%88%EA%B2%94%20%EB%A6%AC%EB%B8%8C%EC%8A%A4
재찬(DONGKIZ),https://namu.wiki/w/%EC%9E%AC%EC%B0%AC(DONGKIZ)
세븐틴/음악 방송,https://namu.wiki/w/%EC%84%B8%EB%B8%90%ED%8B%B4/%EC%9D%8C%EC%95%85%20%EB%B0%A9%EC%86%A1
미하엘 발락,https://namu.wiki/w/%EB%AF%B8%ED%95%98%EC%97%98%20%EB%B0%9C%EB%9D%BD
더 시드/스테이지 공략,https://namu.wiki/w/%EB%8D%94%20%EC%8B%9C%EB%93%9C/%EC%8A%A4%ED%85%8C%EC%9D%B4%EC%A7%80%20%EA%B3%B5%EB%9E%B5
크레베이스,https://namu.wiki/w/%ED%81%AC%EB%A0%88%EB%B2%A0%EC%9D%B4%EC%8A%A4
도쿠가와 히데타다,https://namu.wiki/w/%EB%8F%84%EC%BF%A0%EA%B0%80%EC%99%80%20%ED%9E%88%EB%8D%B0%ED%83%80%EB%8B%A4
까오니,https://namu.wiki/w/%EA%B9%8C%EC%98%A4%EB%8B%88
루미나 골리아테스,https://namu.wiki/w/%EB%A3%A8%EB%AF%B8%EB%82%98%20%EA%B3%A8%EB%A6%AC%EC%95%84%ED%85%8C%EC%8A%A4
Ar nosurge,https://namu.wiki/w/Ar%20nosurge
페널티 킥,https://namu.wiki/w/%ED%8E%98%EB%84%90%ED%8B%B0%20%ED%82%A5
재찬(DONGKIZ),https://namu.wiki/w/%EC%9E%AC%EC%B0%AC(DONGKIZ)
한소희,https://namu.wiki/w/%ED%95%9C%EC%86%8C%ED%9D%AC
아침고요수목원,https://namu.wiki/w/%EC%95%84%EC%B9%A8%EA%B3%A0%EC%9A%94%EC%88%98%EB%AA%A9%EC%9B%90
소드 스틱,https://namu.wiki/w/%EC%86%8C%EB%93%9C%20%EC%8A%A4%ED%8B%B1
코로나바이러스감염증-19/현황/국가별/대한민국,https://namu.wiki/w/%EC%BD%94%EB%A1%9C%EB%82%98%EB%B0%94%EC%9D%B4%EB%9F%AC%EC%8A%A4%EA%B0%90%EC%97%BC%EC%A6%9D-19/%ED%98%84%ED%99%A9/%EA%B5%AD%EA%B0%80%EB%B3%84/%EB%8C%80%ED%95%9C%EB%AF%BC%EA%B5%AD
윤보미,https://namu.wiki/w/%EC%9C%A4%EB%B3%B4%EB%AF%B8
주제 무리뉴,https://namu.wiki/w/%EC%A3%BC%EC%A0%9C%20%EB%AC%B4%EB%A6%AC%EB%89%B4
인천 버스 62-1,https://namu.wiki/w/%EC%9D%B8%EC%B2%9C%20%EB%B2%84%EC%8A%A4%2062-1
갤럭시 A52s 5G,https://namu.wiki/w/%EA%B0%A4%EB%9F%AD%EC%8B%9C%20A52s%205G
이지아,https://namu.wiki/w/%EC%9D%B4%EC%A7%80%EC%95%84
아돌프 히틀러,https://namu.wiki/w/%EC%95%84%EB%8F%8C%ED%94%84%20%ED%9E%88%ED%8B%80%EB%9F%AC
파일:aika_iseri.png,https://namu.wiki/w/%ED%8C%8C%EC%9D%BC:aika_iseri.png
박규채,https://namu.wiki/w/%EB%B0%95%EA%B7%9C%EC%B1%84
2022년 러시아의 우크라이나 침공/전선,https://namu.wiki/w/2022%EB%85%84%20%EB%9F%AC%EC%8B%9C%EC%95%84%EC%9D%98%20%EC%9A%B0%ED%81%AC%EB%9D%BC%EC%9D%B4%EB%82%98%20%EC%B9%A8%EA%B3%B5/%EC%A0%84%EC%84%A0
올림픽 찬가,https://namu.wiki/w/%EC%98%AC%EB%A6%BC%ED%94%BD%20%EC%B0%AC%EA%B0%80
청주 버스 313,https://namu.wiki/w/%EC%B2%AD%EC%A3%BC%20%EB%B2%84%EC%8A%A4%20313
전쟁/행동지침,https://namu.wiki/w/%EC%A0%84%EC%9F%81/%ED%96%89%EB%8F%99%EC%A7%80%EC%B9%A8
뤼베크,https://namu.wiki/w/%EB%A4%BC%EB%B2%A0%ED%81%AC
워 썬더/업데이트 내역,https://namu.wiki/w/%EC%9B%8C%20%EC%8D%AC%EB%8D%94/%EC%97%85%EB%8D%B0%EC%9D%B4%ED%8A%B8%20%EB%82%B4%EC%97%AD
강득수(키테레츠 대백과),https://namu.wiki/w/%EA%B0%95%EB%93%9D%EC%88%98(%ED%82%A4%ED%85%8C%EB%A0%88%EC%B8%A0%20%EB%8C%80%EB%B0%B1%EA%B3%BC)
인천 버스 4,https://namu.wiki/w/%EC%9D%B8%EC%B2%9C%20%EB%B2%84%EC%8A%A4%204
원신/무기/한손검,https://namu.wiki/w/%EC%9B%90%EC%8B%A0/%EB%AC%B4%EA%B8%B0/%ED%95%9C%EC%86%90%EA%B2%80
위키운영:내부 관리 리스트,https://namu.wiki/w/%EC%9C%84%ED%82%A4%EC%9A%B4%EC%98%81:%EB%82%B4%EB%B6%80%20%EA%B4%80%EB%A6%AC%20%EB%A6%AC%EC%8A%A4%ED%8A%B8
화서역 파크 푸르지오,https://namu.wiki/w/%ED%99%94%EC%84%9C%EC%97%AD%20%ED%8C%8C%ED%81%AC%20%ED%91%B8%EB%A5%B4%EC%A7%80%EC%98%A4
진워렌버핏 사망 사건,https://namu.wiki/w/%EC%A7%84%EC%9B%8C%EB%A0%8C%EB%B2%84%ED%95%8F%20%EC%82%AC%EB%A7%9D%20%EC%82%AC%EA%B1%B4
파일:83295_88181_4216.jpg,https://namu.wiki/w/%ED%8C%8C%EC%9D%BC:83295_88181_4216.jpg
인천 버스 16-2,https://namu.wiki/w/%EC%9D%B8%EC%B2%9C%20%EB%B2%84%EC%8A%A4%2016-2
배란,https://namu.wiki/w/%EB%B0%B0%EB%9E%80
남포항,https://namu.wiki/w/%EB%82%A8%ED%8F%AC%ED%95%AD
초력전대 오레인저,https://namu.wiki/w/%EC%B4%88%EB%A0%A5%EC%A0%84%EB%8C%80%20%EC%98%A4%EB%A0%88%EC%9D%B8%EC%A0%80
BanG Dream!/애니메이션/BanG Dream! 걸파☆피코/에피소드 가이드,https://namu.wiki/w/BanG%20Dream!/%EC%95%A0%EB%8B%88%EB%A9%94%EC%9D%B4%EC%85%98/BanG%20Dream!%20%EA%B1%B8%ED%8C%8C%E2%98%86%ED%94%BC%EC%BD%94/%EC%97%90%ED%94%BC%EC%86%8C%EB%93%9C%20%EA%B0%80%EC%9D%B4%EB%93%9C
순당무,https://namu.wiki/w/%EC%88%9C%EB%8B%B9%EB%AC%B4
인천 버스 16-1,https://namu.wiki/w/%EC%9D%B8%EC%B2%9C%20%EB%B2%84%EC%8A%A4%2016-1
까오니,https://namu.wiki/w/%EA%B9%8C%EC%98%A4%EB%8B%88
진워렌버핏 사망 사건,https://namu.wiki/w/%EC%A7%84%EC%9B%8C%EB%A0%8C%EB%B2%84%ED%95%8F%20%EC%82%AC%EB%A7%9D%20%EC%82%AC%EA%B1%B4
오상현,https://namu.wiki/w/%EC%98%A4%EC%83%81%ED%98%84
몬스터 헌터 라이즈: 선브레이크/발매 전후 정보,https://namu.wiki/w/%EB%AA%AC%EC%8A%A4%ED%84%B0%20%ED%97%8C%ED%84%B0%20%EB%9D%BC%EC%9D%B4%EC%A6%88:%20%EC%84%A0%EB%B8%8C%EB%A0%88%EC%9D%B4%ED%81%AC/%EB%B0%9C%EB%A7%A4%20%EC%A0%84%ED%9B%84%20%EC%A0%95%EB%B3%B4
원신/무기/한손검,https://namu.wiki/w/%EC%9B%90%EC%8B%A0/%EB%AC%B4%EA%B8%B0/%ED%95%9C%EC%86%90%EA%B2%80
인천 버스 16,https://namu.wiki/w/%EC%9D%B8%EC%B2%9C%20%EB%B2%84%EC%8A%A4%2016
바알(원신),https://namu.wiki/w/%EB%B0%94%EC%95%8C(%EC%9B%90%EC%8B%A0)
전쟁/행동지침,https://namu.wiki/w/%EC%A0%84%EC%9F%81/%ED%96%89%EB%8F%99%EC%A7%80%EC%B9%A8
키린마루,https://namu.wiki/w/%ED%82%A4%EB%A6%B0%EB%A7%88%EB%A3%A8
흑당맛 쿠키,https://namu.wiki/w/%ED%9D%91%EB%8B%B9%EB%A7%9B%20%EC%BF%A0%ED%82%A4
시영운수,https://namu.wiki/w/%EC%8B%9C%EC%98%81%EC%9A%B4%EC%88%98
카이도,https://namu.wiki/w/%EC%B9%B4%EC%9D%B4%EB%8F%84
굣코,https://namu.wiki/w/%EA%B5%A3%EC%BD%94
구축,https://namu.wiki/w/%EA%B5%AC%EC%B6%95
워 머신,https://namu.wiki/w/%EC%9B%8C%20%EB%A8%B8%EC%8B%A0
아침고요수목원,https://namu.wiki/w/%EC%95%84%EC%B9%A8%EA%B3%A0%EC%9A%94%EC%88%98%EB%AA%A9%EC%9B%90
Yandere Simulator/등장인물/1980년대 모드,https://namu.wiki/w/Yandere%20Simulator/%EB%93%B1%EC%9E%A5%EC%9D%B8%EB%AC%BC/1980%EB%85%84%EB%8C%80%20%EB%AA%A8%EB%93%9C
사이베리아,https://namu.wiki/w/%EC%82%AC%EC%9D%B4%EB%B2%A0%EB%A6%AC%EC%95%84
2022년 러시아의 우크라이나 침공/전선,https://namu.wiki/w/2022%EB%85%84%20%EB%9F%AC%EC%8B%9C%EC%95%84%EC%9D%98%20%EC%9A%B0%ED%81%AC%EB%9D%BC%EC%9D%B4%EB%82%98%20%EC%B9%A8%EA%B3%B5/%EC%A0%84%EC%84%A0
구축,https://namu.wiki/w/%EA%B5%AC%EC%B6%95
삼환교통,https://namu.wiki/w/%EC%82%BC%ED%99%98%EA%B5%90%ED%86%B5
혜원(성우),https://namu.wiki/w/%ED%98%9C%EC%9B%90(%EC%84%B1%EC%9A%B0)
수도권 광역급행철도 B노선,https://namu.wiki/w/%EC%88%98%EB%8F%84%EA%B6%8C%20%EA%B4%91%EC%97%AD%EA%B8%89%ED%96%89%EC%B2%A0%EB%8F%84%20B%EB%85%B8%EC%84%A0
틀:물고기 포켓몬,https://namu.wiki/w/%ED%8B%80:%EB%AC%BC%EA%B3%A0%EA%B8%B0%20%ED%8F%AC%EC%BC%93%EB%AA%AC
Grand Theft Auto 시리즈/라디오 채널 일람,https://namu.wiki/w/Grand%20Theft%20Auto%20%EC%8B%9C%EB%A6%AC%EC%A6%88/%EB%9D%BC%EB%94%94%EC%98%A4%20%EC%B1%84%EB%84%90%20%EC%9D%BC%EB%9E%8C
리그 오브 레전드/시스템,https://namu.wiki/w/%EB%A6%AC%EA%B7%B8%20%EC%98%A4%EB%B8%8C%20%EB%A0%88%EC%A0%84%EB%93%9C/%EC%8B%9C%EC%8A%A4%ED%85%9C
굴곡 노선/버스,https://namu.wiki/w/%EA%B5%B4%EA%B3%A1%20%EB%85%B8%EC%84%A0/%EB%B2%84%EC%8A%A4
안호성,https://namu.wiki/w/%EC%95%88%ED%98%B8%EC%84%B1
신세계(영화)/줄거리,https://namu.wiki/w/%EC%8B%A0%EC%84%B8%EA%B3%84(%EC%98%81%ED%99%94)/%EC%A4%84%EA%B1%B0%EB%A6%AC
iPad Air(5세대),https://namu.wiki/w/iPad%20Air(5%EC%84%B8%EB%8C%80)
카이도,https://namu.wiki/w/%EC%B9%B4%EC%9D%B4%EB%8F%84
라그나로크(유희왕),https://namu.wiki/w/%EB%9D%BC%EA%B7%B8%EB%82%98%EB%A1%9C%ED%81%AC(%EC%9C%A0%ED%9D%AC%EC%99%95)
먹튀/스포츠/야구/KBO 리그,https://namu.wiki/w/%EB%A8%B9%ED%8A%80/%EC%8A%A4%ED%8F%AC%EC%B8%A0/%EC%95%BC%EA%B5%AC/KBO%20%EB%A6%AC%EA%B7%B8
두산 베어스/2022년/스토브리그,https://namu.wiki/w/%EB%91%90%EC%82%B0%20%EB%B2%A0%EC%96%B4%EC%8A%A4/2022%EB%85%84/%EC%8A%A4%ED%86%A0%EB%B8%8C%EB%A6%AC%EA%B7%B8
견습 마녀 시험,https://namu.wiki/w/%EA%B2%AC%EC%8A%B5%20%EB%A7%88%EB%85%80%20%EC%8B%9C%ED%97%98
아버지에게도 맞은 적 없는데!,https://namu.wiki/w/%EC%95%84%EB%B2%84%EC%A7%80%EC%97%90%EA%B2%8C%EB%8F%84%20%EB%A7%9E%EC%9D%80%20%EC%A0%81%20%EC%97%86%EB%8A%94%EB%8D%B0!
Grand Theft Auto 시리즈/라디오 채널 일람,https://namu.wiki/w/Grand%20Theft%20Auto%20%EC%8B%9C%EB%A6%AC%EC%A6%88/%EB%9D%BC%EB%94%94%EC%98%A4%20%EC%B1%84%EB%84%90%20%EC%9D%BC%EB%9E%8C
이승우/논란 및 비판,https://namu.wiki/w/%EC%9D%B4%EC%8A%B9%EC%9A%B0/%EB%85%BC%EB%9E%80%20%EB%B0%8F%20%EB%B9%84%ED%8C%90
2022년 러시아의 우크라이나 침공/전선,https://namu.wiki/w/2022%EB%85%84%20%EB%9F%AC%EC%8B%9C%EC%95%84%EC%9D%98%20%EC%9A%B0%ED%81%AC%EB%9D%BC%EC%9D%B4%EB%82%98%20%EC%B9%A8%EA%B3%B5/%EC%A0%84%EC%84%A0
틀:대성마이맥의 강사/국어 영역,https://namu.wiki/w/%ED%8B%80:%EB%8C%80%EC%84%B1%EB%A7%88%EC%9D%B4%EB%A7%A5%EC%9D%98%20%EA%B0%95%EC%82%AC/%EA%B5%AD%EC%96%B4%20%EC%98%81%EC%97%AD
키예프 전투(2022년),https://namu.wiki/w/%ED%82%A4%EC%98%88%ED%94%84%20%EC%A0%84%ED%88%AC(2022%EB%85%84)
파일:몽회납란귀비.png,https://namu.wiki/w/%ED%8C%8C%EC%9D%BC:%EB%AA%BD%ED%9A%8C%EB%82%A9%EB%9E%80%EA%B7%80%EB%B9%84.png
체르노빌 원자력 발전소 폭발 사고,https://namu.wiki/w/%EC%B2%B4%EB%A5%B4%EB%85%B8%EB%B9%8C%20%EC%9B%90%EC%9E%90%EB%A0%A5%20%EB%B0%9C%EC%A0%84%EC%86%8C%20%ED%8F%AD%EB%B0%9C%20%EC%82%AC%EA%B3%A0
경찰차 V1,https://namu.wiki/w/%EA%B2%BD%EC%B0%B0%EC%B0%A8%20V1
파일:몽회납란귀비.jpg,https://namu.wiki/w/%ED%8C%8C%EC%9D%BC:%EB%AA%BD%ED%9A%8C%EB%82%A9%EB%9E%80%EA%B7%80%EB%B9%84.jpg
남포항(포항),https://namu.wiki/w/%EB%82%A8%ED%8F%AC%ED%95%AD(%ED%8F%AC%ED%95%AD)
Inkscape,https://namu.wiki/w/Inkscape
루미나 브론테스,https://namu.wiki/w/%EB%A3%A8%EB%AF%B8%EB%82%98%20%EB%B8%8C%EB%A1%A0%ED%85%8C%EC%8A%A4
